<!-- This file contain patch Metadata -->
<results md5_sum="1f87f42fb61f378f12c67258dabe302a">
  <generated_date in_epoch_ms="1653314219000">2022-05-23 13:56:59</generated_date>
  <patch has_prereqs="y" has_postreqs="n" is_system_patch="n"> 
    <bug> 
      <number>33991024</number>
      <abstract><![CDATA[11204CERT ON OL8: LINKING ERRORS DURING 11204 FOR DB/TG INSTALL ON OL8.2]]></abstract>
    </bug> 
    <name>33991024</name>
    <type>Patch</type>
    <status>Available</status>
    <access id="m">Open access</access> 
    <url> 
      <patch_readme host="https://updates.oracle.com"><![CDATA[/Orion/Services/download?type=readme&aru=24789011]]></patch_readme> 
      <patch_details><![CDATA[/download/33991024.html]]></patch_details>
    </url> 
    <request_id>24789011</request_id>
    <product id="9480" bugdb_id="5"><![CDATA[Oracle Database Family]]></product> 
    <release id="801120422011802" name="11.2.0.4.220118" platform_patch_not_required="Y" psu="Y" cc="Y"><![CDATA[Oracle 11.2.0.4.220118]]></release> 
    <platform id="2000" bugdb_id="289"><![CDATA[Generic Platform]]></platform> 
    <language id="0" iso_code="EN"><![CDATA[American English]]></language> 
    <translations_available>No</translations_available> 
    <classification id="174">General</classification> 
    <patch_classification id="174">General</patch_classification> 
    <support_level id="G">General Support</support_level> 
    <entitlements> 
      <entitlement code="SW"/> 
    </entitlements> 
    <patch_relationships> 
      <related_patch> 
        <bug> 
          <number>33477185</number>
          <abstract><![CDATA[DATABASE PATCH SET UPDATE 11.2.0.4.220118]]></abstract>
        </bug> 
        <relation_types> 
          <relation_type>Prereq</relation_type> 
        </relation_types> 
        <name>33477185</name>
        <type>Patch</type>
        <patch_details><![CDATA[/Orion/Services/search?bug=33477185&release=80112040]]></patch_details>
      </related_patch> 
    </patch_relationships> 
    <fixes_bugs truncated="no"> 
      <bug> 
        <number>33991024</number>
        <abstract><![CDATA[11204CERT ON OL8: LINKING ERRORS DURING 11204 FOR DB INSTALL ON OL8.2]]></abstract>
      </bug> 
    </fixes_bugs> 
    <size>6079</size>
    <files> 
      <file> 
        <name>p33991024_11204220118_Generic.zip</name>
        <size>6079</size>
        <download_url host="https://updates.oracle.com"><![CDATA[/Orion/Services/download/p33991024_11204220118_Generic.zip?aru=24789011&patch_file=p33991024_11204220118_Generic.zip]]></download_url> 
        <digest type="SHA-1">D658F85C4C3E39847833275AF6A2A38B184454F9</digest> 
        <digest type="SHA-256">E10D23FA4826DDDF7E10C61E12E4145E7772C27540E224B15F5E9AEB6F85BF44</digest> 
      </file> 
    </files> 
    <downloads_count>0</downloads_count>
    <updated_date in_epoch_ms="1653313981000">2022-05-23 13:53:01</updated_date> 
    <released_date in_epoch_ms="1652451729000">2022-05-13 14:22:09</released_date> 
    <prereqs>
      <prereq install_step="1">
        <bug> 
          <number>33477185</number>
          <abstract><![CDATA[DATABASE PATCH SET UPDATE 11.2.0.4.220118]]></abstract>
        </bug> 
        <name>33477185</name>
        <type>Patch</type>
        <status>Available</status>
        <access id="m">Open access</access> 
        <request_id>24548176</request_id>
        <product id="9480" bugdb_id="5"><![CDATA[Oracle Database]]></product> 
        <release id="80112040" name="11.2.0.4.0" platform_patch_not_required="Y"><![CDATA[Oracle 11.2.0.4.0]]></release> 
        <platform id="226" bugdb_id="226"><![CDATA[Linux x86-64]]></platform> 
        <language id="0" iso_code="EN"><![CDATA[American English]]></language> 
        <entitlements> 
          <entitlement code="T1"/> 
        </entitlements> 
        <files> 
          <file> 
            <name>p33477185_112040_Linux-x86-64.zip</name>
            <size>457726607</size>
            <download_url host="https://updates.oracle.com"><![CDATA[/Orion/Services/download/p33477185_112040_Linux-x86-64.zip?aru=24548176&patch_file=p33477185_112040_Linux-x86-64.zip]]></download_url> 
            <digest type="SHA-1">672582E220A4000D8BC131458E26E74F20D2B0A2</digest> 
            <digest type="SHA-256">80DEE1F7B2BE7FC3DBE2F8B3137B23DD6265E42E575A9702CB2650C1A1C7CD50</digest> 
          </file> 
        </files> 
      </prereq> 
      <prereq install_step="1">
        <bug> 
          <number>33477185</number>
          <abstract><![CDATA[DATABASE PATCH SET UPDATE 11.2.0.4.220118]]></abstract>
        </bug> 
        <name>33477185</name>
        <type>Patch</type>
        <status>Available</status>
        <access id="m">Open access</access> 
        <request_id>24551724</request_id>
        <product id="9480" bugdb_id="5"><![CDATA[Oracle Database]]></product> 
        <release id="80112040" name="11.2.0.4.0" platform_patch_not_required="Y"><![CDATA[Oracle 11.2.0.4.0]]></release> 
        <platform id="267" bugdb_id="267"><![CDATA[Oracle Solaris on x86-64 (64-bit)]]></platform> 
        <language id="0" iso_code="EN"><![CDATA[American English]]></language> 
        <entitlements> 
          <entitlement code="T1"/> 
        </entitlements> 
        <files> 
          <file> 
            <name>p33477185_112040_Solaris86-64.zip</name>
            <size>486536312</size>
            <download_url host="https://updates.oracle.com"><![CDATA[/Orion/Services/download/p33477185_112040_Solaris86-64.zip?aru=24551724&patch_file=p33477185_112040_Solaris86-64.zip]]></download_url> 
            <digest type="SHA-256">02BEA3618893D17889C371D807CA5E9299A815017F012B78AC3CEA42C0418314</digest> 
            <digest type="SHA-1">0AB15BFC74892B1BAFED1B9A697A65286FE21E4C</digest> 
          </file> 
        </files> 
      </prereq> 
      <prereq install_step="1">
        <bug> 
          <number>33477185</number>
          <abstract><![CDATA[DATABASE PATCH SET UPDATE 11.2.0.4.220118]]></abstract>
        </bug> 
        <name>33477185</name>
        <type>Patch</type>
        <status>Available</status>
        <access id="m">Open access</access> 
        <request_id>24552876</request_id>
        <product id="9480" bugdb_id="5"><![CDATA[Oracle Database]]></product> 
        <release id="80112040" name="11.2.0.4.0" platform_patch_not_required="Y"><![CDATA[Oracle 11.2.0.4.0]]></release> 
        <platform id="197" bugdb_id="197"><![CDATA[HP-UX Itanium]]></platform> 
        <language id="0" iso_code="EN"><![CDATA[American English]]></language> 
        <entitlements> 
          <entitlement code="T1"/> 
        </entitlements> 
        <files> 
          <file> 
            <name>p33477185_112040_HPUX-IA64.zip</name>
            <size>1316913925</size>
            <download_url host="https://updates.oracle.com"><![CDATA[/Orion/Services/download/p33477185_112040_HPUX-IA64.zip?aru=24552876&patch_file=p33477185_112040_HPUX-IA64.zip]]></download_url> 
            <digest type="SHA-1">8A1026BB670B4C92687B989447BEA52743189F36</digest> 
            <digest type="SHA-256">8F824FA48942D59B72F3A57CEF5CE7266FB77AF3955205447E37B81702056A97</digest> 
          </file> 
        </files> 
      </prereq> 
      <prereq install_step="1">
        <bug> 
          <number>33477185</number>
          <abstract><![CDATA[DATABASE PATCH SET UPDATE 11.2.0.4.220118]]></abstract>
        </bug> 
        <name>33477185</name>
        <type>Patch</type>
        <status>Available</status>
        <access id="m">Open access</access> 
        <request_id>24552371</request_id>
        <product id="9480" bugdb_id="5"><![CDATA[Oracle Database]]></product> 
        <release id="80112040" name="11.2.0.4.0" platform_patch_not_required="Y"><![CDATA[Oracle 11.2.0.4.0]]></release> 
        <platform id="209" bugdb_id="209"><![CDATA[IBM: Linux on System z]]></platform> 
        <language id="0" iso_code="EN"><![CDATA[American English]]></language> 
        <entitlements> 
          <entitlement code="T1"/> 
        </entitlements> 
        <files> 
          <file> 
            <name>p33477185_112040_Linux-zSer.zip</name>
            <size>457485625</size>
            <download_url host="https://updates.oracle.com"><![CDATA[/Orion/Services/download/p33477185_112040_Linux-zSer.zip?aru=24552371&patch_file=p33477185_112040_Linux-zSer.zip]]></download_url> 
            <digest type="SHA-256">D7007D5D0EADF6FDEF41EBCFCD415079DDD3A34E46E38167FCA37F5CB5E6A674</digest> 
            <digest type="SHA-1">FBE45B3435E1A31D820A75AB1312137A47836484</digest> 
          </file> 
        </files> 
      </prereq> 
      <prereq install_step="1">
        <bug> 
          <number>33477185</number>
          <abstract><![CDATA[DATABASE PATCH SET UPDATE 11.2.0.4.220118]]></abstract>
        </bug> 
        <name>33477185</name>
        <type>Patch</type>
        <status>Available</status>
        <access id="m">Open access</access> 
        <request_id>24547207</request_id>
        <product id="9480" bugdb_id="5"><![CDATA[Oracle Database]]></product> 
        <release id="80112040" name="11.2.0.4.0" platform_patch_not_required="Y"><![CDATA[Oracle 11.2.0.4.0]]></release> 
        <platform id="46" bugdb_id="46"><![CDATA[Linux x86]]></platform> 
        <language id="0" iso_code="EN"><![CDATA[American English]]></language> 
        <entitlements> 
          <entitlement code="T1"/> 
        </entitlements> 
        <files> 
          <file> 
            <name>p33477185_112040_LINUX.zip</name>
            <size>395720667</size>
            <download_url host="https://updates.oracle.com"><![CDATA[/Orion/Services/download/p33477185_112040_LINUX.zip?aru=24547207&patch_file=p33477185_112040_LINUX.zip]]></download_url> 
            <digest type="SHA-1">2C6430D2CF698B2FC9E48A121408F072790058D1</digest> 
            <digest type="SHA-256">BFD8D69B78743E53E763CE5A7138E446496F8CAD417137B193B659369CB3E127</digest> 
          </file> 
        </files> 
      </prereq> 
      <prereq install_step="1">
        <bug> 
          <number>33477185</number>
          <abstract><![CDATA[DATABASE PATCH SET UPDATE 11.2.0.4.220118]]></abstract>
        </bug> 
        <name>33477185</name>
        <type>Patch</type>
        <status>Available</status>
        <access id="m">Open access</access> 
        <request_id>24547217</request_id>
        <product id="9480" bugdb_id="5"><![CDATA[Oracle Database]]></product> 
        <release id="80112040" name="11.2.0.4.0" platform_patch_not_required="Y"><![CDATA[Oracle 11.2.0.4.0]]></release> 
        <platform id="212" bugdb_id="212"><![CDATA[IBM AIX on POWER Systems (64-bit)]]></platform> 
        <language id="0" iso_code="EN"><![CDATA[American English]]></language> 
        <entitlements> 
          <entitlement code="T1"/> 
        </entitlements> 
        <files> 
          <file> 
            <name>p33477185_112040_AIX64-5L.zip</name>
            <size>730005844</size>
            <download_url host="https://updates.oracle.com"><![CDATA[/Orion/Services/download/p33477185_112040_AIX64-5L.zip?aru=24547217&patch_file=p33477185_112040_AIX64-5L.zip]]></download_url> 
            <digest type="SHA-256">6F5361FD1FC07A02C4FAC755CEECB8BE8C9CA9B6BB79E34B49AE6987EC85DBE3</digest> 
            <digest type="SHA-1">C75441EA904F6720FDADBA4D54FA9C9911068474</digest> 
          </file> 
        </files> 
      </prereq> 
      <prereq install_step="1">
        <bug> 
          <number>33477185</number>
          <abstract><![CDATA[DATABASE PATCH SET UPDATE 11.2.0.4.220118]]></abstract>
        </bug> 
        <name>33477185</name>
        <type>Patch</type>
        <status>Available</status>
        <access id="m">Open access</access> 
        <request_id>24590076</request_id>
        <product id="9480" bugdb_id="5"><![CDATA[Oracle Database]]></product> 
        <release id="80112040" name="11.2.0.4.0" platform_patch_not_required="Y"><![CDATA[Oracle 11.2.0.4.0]]></release> 
        <platform id="59" bugdb_id="59"><![CDATA[HP-UX PA-RISC (64-bit)]]></platform> 
        <language id="0" iso_code="EN"><![CDATA[American English]]></language> 
        <entitlements> 
          <entitlement code="T1"/> 
        </entitlements> 
        <files> 
          <file> 
            <name>p33477185_112040_HP64.zip</name>
            <size>395226909</size>
            <download_url host="https://updates.oracle.com"><![CDATA[/Orion/Services/download/p33477185_112040_HP64.zip?aru=24590076&patch_file=p33477185_112040_HP64.zip]]></download_url> 
            <digest type="SHA-1">95ACF8DDF9FFB7C308C431CD094B4CDF5C1EC6C1</digest> 
            <digest type="SHA-256">070CC57887996E967B3AEDEE41A800C0ACC100C4C8E0B0A84930AE9CBDEC7D27</digest> 
          </file> 
        </files> 
      </prereq> 
      <prereq install_step="1">
        <bug> 
          <number>33477185</number>
          <abstract><![CDATA[DATABASE PATCH SET UPDATE 11.2.0.4.220118]]></abstract>
        </bug> 
        <name>33477185</name>
        <type>Patch</type>
        <status>Available</status>
        <access id="m">Open access</access> 
        <request_id>24552214</request_id>
        <product id="9480" bugdb_id="5"><![CDATA[Oracle Database]]></product> 
        <release id="80112040" name="11.2.0.4.0" platform_patch_not_required="Y"><![CDATA[Oracle 11.2.0.4.0]]></release> 
        <platform id="23" bugdb_id="23"><![CDATA[Oracle Solaris on SPARC (64-bit)]]></platform> 
        <language id="0" iso_code="EN"><![CDATA[American English]]></language> 
        <entitlements> 
          <entitlement code="T1"/> 
        </entitlements> 
        <files> 
          <file> 
            <name>p33477185_112040_SOLARIS64.zip</name>
            <size>674289925</size>
            <download_url host="https://updates.oracle.com"><![CDATA[/Orion/Services/download/p33477185_112040_SOLARIS64.zip?aru=24552214&patch_file=p33477185_112040_SOLARIS64.zip]]></download_url> 
            <digest type="SHA-1">46D0DE909815F166E129098BB1D51F732311319E</digest> 
            <digest type="SHA-256">B42530E9B00F214188FF3A4C9D6CD76D1EAA9B5D677ADD33538075C5D2F1B34D</digest> 
          </file> 
        </files> 
      </prereq> 
    </prereqs>
  </patch> 
</results>
