<?xml version="1.0" encoding="UTF-8" standalone="no"?>
<oneoff_actions>
    <oracle.rdbms.rsf opt_req="O" version="11.2.0.4.0">
        <copy backup_in_zip="false" file_name="lib/sysliblist" name="sysliblist" path="%ORACLE_HOME%/lib" retain_permission="true" shaolue="52EC1A9D647B7B6A61EE0AD081948B918784B2CA"/>
    </oracle.rdbms.rsf>
    <oracle.buildtools.rsf opt_req="O" version="11.2.0.4.0">
        <copy backup_in_zip="false" file_name="bin/gensyslib" name="gensyslib" path="%ORACLE_HOME%/bin" retain_permission="true" shaolue="9427730E89DC7DE9FFB6BDD27D945138D2B4732F"/>
    </oracle.buildtools.rsf>
    <oracle.has.db opt_req="O" version="11.2.0.4.0">
        <delete backup_in_zip="false" is_directory="false" is_oneway="false" name="config.o" opt_req="O" path="%ORACLE_HOME%/rdbms/lib"/>
    </oracle.has.db>
</oneoff_actions>
