<?xml version="1.0" encoding="UTF-8" standalone="no"?>
<oneoff_inventory>
    <opack_version version="14.1.0.1.11"/>
    <patch_description>11204CERT ON OL8: LINKING ERRORS DURING 11204 FOR DB INSTALL ON OL8.2</patch_description>
    <patch_id number="33991024"/>
    <unique_patch_id>24789011</unique_patch_id>
    <minimum_opatch_version>11.2.0.3.33</minimum_opatch_version>
    <temp_unique_patch_id>-1652886787</temp_unique_patch_id>
    <cannot_autorollback>false</cannot_autorollback>
    <not_rollbackable>false</not_rollbackable>
    <date_of_patch day="18" month="May" time="08:13:07 hrs" year="2022" zone="PST8PDT"/>
    <base_bugs>
        <bug description="11204CERT ON OL8: LINKING ERRORS DURING 11204 FOR DB INSTALL ON OL8.2" number="33991024"/>
    </base_bugs>
    <required_components>
        <component internal_name="oracle.rdbms.rsf" opt_req="O" version="11.2.0.4.0"/>
        <component internal_name="oracle.buildtools.rsf" opt_req="O" version="11.2.0.4.0"/>
        <component internal_name="oracle.has.db" opt_req="O" version="11.2.0.4.0"/>
    </required_components>
    <os_platforms>
        <platform id="226" name="Linux x86-64"/>
    </os_platforms>
    <executables>
        <executable path="%ORACLE_HOME%/bin/oracle"/>
    </executables>
    <instance_shutdown>true</instance_shutdown>
    <instance_shutdown_message/>
    <online_rac_installable>true</online_rac_installable>
    <run_as_root>false</run_as_root>
    <sql_migrate>false</sql_migrate>
    <wls_prereq_oneoffs/>
    <prereq_oneoffs>
        <prereq oneoff_id="33477185"/>
    </prereq_oneoffs>
    <overlay_oneoffs>
        <overlay oneoff_id="33477185"/>
    </overlay_oneoffs>
    <patch_type value="singleton"/>
    <patch_language value="en"/>
    <product_family value="db"/>
    <patching_model value="one-off"/>
    <auto>false</auto>
    <translatable>false</translatable>
    <application_dirs/>
    <patch_characteristics>
        <content_type value="generic"/>
    </patch_characteristics>
</oneoff_inventory>
