METGROUP, METRIC_ACRONYM  , INST, END_DATE            , VALUE
BEGIN   , CDBPWS1E        , 1   , 2024-08-06T19:55:40 , pws1e-db-r12.w10e.com
COLLECT , USER            ,     ,                     , SYS
COLLECT , DAYS            ,     , 2024-05-05T19:55:40 , 93
DATABASE, DBID            ,     ,                     , 1708174106
DATABASE, NAME            ,     ,                     , CDBPWS1E
DATABASE, CREATED         ,     ,                     , 2022-07-15T22:31:54
DATABASE, DB_UNIQUE_NAME  ,     ,                     , CDBPWS1E
DATABASE, INST_NAME_MIN   ,     ,                     , CDBPWS1E
DATABASE, INST_NAME_MAX   ,     ,                     , CDBPWS1E
DATABASE, HOST_NAME_MIN   ,     ,                     , pws1e-db-r12.w10e.com
DATABASE, HOST_NAME_MAX   ,     ,                     , pws1e-db-r12.w10e.com
DATABASE, VERSION         ,     ,                     , 19.0.0.0.0
DATABASE, PLATFORM        ,     ,                     , Linux x86 64-bit
DATABASE, DB_BLOCK_SIZE   ,     ,                     , 8192
DATABASE, MIN_INST_HOST   , 1   ,                     , pws1e-db-r12.w10e.com
INSTANCE, INSTANCE_NAME   , 1   , 2024-05-10T22:56:32 , CDBPWS1E
INSTANCE, HOST_NAME       , 1   , 2024-05-10T22:56:32 , pws1e-db-r12.w10e.com
   AND h.sample_time >= SYSTIMESTAMP - 93
                                       *
ERROR at line 23:
ORA-01013: user requested cancel of current operation



SQL> 
SQL> 
SQL> 
SQL> 
SQL> 
SQL> exit
